Group	N	mean_Ho	SE_Ho	mean_He	SE_He	mean_F	SE_F
Western	6	0.073872	0.003243	0.119028	0.000246	0.379473	0.026757
Balkan	9	0.078460	0.002121	0.119396	0.000331	0.342902	0.017572
Baltic	6	0.071979	0.005155	0.117116	0.001161	0.386468	0.041897
Scandi	11	0.069520	0.006981	0.119548	0.000311	0.417848	0.059431
Central	9	0.085230	0.006133	0.118501	0.000838	0.277664	0.057234
